t,tick,pushed,acc_cnt,raw0,raw1,raw2,cal0,cal1,cal2,q,roll,pitch,yaw
0.00,1169270,116457,18,-9.800000190734863,40.79999923706055,8.5,-9.920150756835938,39.520240783691406,10.503734588623047,0,161.49425125941238,17.797138623698686,120.50676352995444
2.01,1171281,116659,85,22.30000114440918,33.5,-19.399999618530273,23.31586265563965,32.571285247802734,-18.379549026489258,0,161.49425125941238,17.797138623698686,120.50676352995444
4.01,1173280,116858,190,36.79999923706055,-0.4000000059604645,-2.299999952316284,35.41722869873047,0.7512513995170593,0.9509691596031189,0,161.49425125941238,17.797138623698686,120.50676352995444
6.01,1175280,117058,295,4.300000190734863,18.700000762939453,26.5,1.6406488418579102,20.160066604614258,26.50528907775879,0,161.49425125941238,17.797138623698686,120.50676352995444
8.02,1177281,117258,386,-20.80000114440918,39.79999923706055,7.5,-18.59697914123535,36.48075866699219,12.044390678405762,0,161.49425125941238,17.797138623698686,120.50676352995444
10.01,1179281,117459,503,-20.30000114440918,37.10000228881836,11.100000381469727,-18.9373779296875,36.584712982177734,12.112722396850586,0,161.49425125941238,17.797138623698686,120.50676352995444
12.02,1181291,117659,578,36.70000076293945,-1.8000000715255737,-33.10000228881836,36.57822799682617,-2.3104896545410156,-33.08875274658203,0,161.49425125941238,17.797138623698686,120.50676352995444
14.02,1183291,117859,666,39.400001525878906,1.5,-18.700000762939453,39.0561408996582,1.4231414794921875,-21.019567489624023,0,161.49425125941238,17.797138623698686,120.50676352995444
16.02,1185291,118059,770,33.79999923706055,-2.4000000953674316,8.100000381469727,34.598594665527344,0.6805760264396667,5.683048725128174,0,161.49425125941238,17.797138623698686,120.50676352995444
18.02,1187301,118260,877,10.800000190734863,-25.200000762939453,23.600000381469727,16.20894432067871,-23.211488723754883,20.35273551940918,0,161.49425125941238,17.797138623698686,120.50676352995444
20.03,1189301,118460,1020,-3.700000047683716,45.0,7.200000286102295,-6.600701808929443,45.428192138671875,7.48866605758667,0,161.49425125941238,17.797138623698686,120.50676352995444
22.03,1191311,118662,1167,6.099999904632568,37.5,13.5,5.0839128494262695,35.364864349365234,16.23870849609375,0,161.49425125941238,17.797138623698686,120.50676352995444
24.04,1193322,118863,1285,-4.200000286102295,46.60000228881836,-15.300000190734863,-5.102175712585449,46.057411193847656,-19.275117874145508,0,161.49425125941238,17.797138623698686,120.50676352995444
26.05,1195331,119063,1400,33.0,18.700000762939453,-22.200000762939453,32.398319244384766,20.21251106262207,-20.1827335357666,0,161.49425125941238,17.797138623698686,120.50676352995444
28.08,1197351,119266,1450,33.70000076293945,19.899999618530273,-19.30000114440918,33.534271240234375,20.3995418548584,-19.29623031616211,0,161.49425125941238,17.797138623698686,120.50676352995444
30.09,1199361,119467,1475,13.300000190734863,-14.5,24.899999618530273,12.558626174926758,-10.433684349060059,25.907115936279297,0,178.82983046309982,44.735620259433446,122.6928789025933
32.09,1201372,119667,1605,17.80000114440918,-7.400000095367432,-54.29999923706055,17.809619903564453,-8.604230880737305,-53.52470397949219,0,-164.75393459330215,8.401463868468108,161.16088110390254
34.10,1203372,119867,1756,24.100000381469727,23.399999618530273,11.0,27.51677131652832,18.02164649963379,9.847763061523438,0,43.36323012859792,-12.777280747531703,237.90670123412772
36.10,1205392,120069,1901,5.900000095367432,44.5,-11.40000057220459,6.494997024536133,44.43445587158203,-13.268465042114258,0,168.11168877082918,-30.80768525217483,152.68198782036512
38.11,1207393,120268,2023,6.099999904632568,18.600000381469727,25.700000762939453,4.053502559661865,23.926490783691406,23.723459243774414,0,-90.1735308553696,61.99506086580769,204.72579829106436
40.12,1209392,120469,2179,23.100000381469727,-8.300000190734863,-47.79999923706055,23.41473388671875,-12.217452049255371,-45.70805740356445,0,-158.872345392141,14.63334394884844,154.46190288867882
42.12,1211402,120670,2332,39.60000228881836,0.0,-10.300000190734863,39.41126251220703,-1.8377783298492432,-15.769023895263672,0,60.0021554934588,-27.03956878141192,248.84233566612707
44.14,1213412,120870,2475,-32.5,33.79999923706055,-39.29999923706055,-30.44259262084961,34.08935546875,-40.07331085205078,0,109.37857776122078,-3.996172499813704,248.03575345880512
46.14,1215422,121070,2629,28.5,29.700000762939453,-11.300000190734863,27.02616310119629,31.315746307373047,-12.445296287536621,0,-52.77981424975274,54.86226485894521,281.67777771946135
48.15,1217423,121271,2763,-40.20000076293945,23.5,15.699999809265137,-41.94092559814453,15.174445152282715,17.74420928955078,0,122.09306468584147,-61.43661864574074,206.26672635755392
50.14,1219423,121471,2912,20.399999618530273,30.700000762939453,5.400000095367432,15.79543399810791,34.08933639526367,4.810027122497559,0,-120.42615215969884,63.385529212362194,190.58245558046963
52.16,1221433,121672,3074,19.5,-41.10000228881836,-5.900000095367432,21.932064056396484,-39.182552337646484,-9.9122314453125,0,117.74554258620614,-42.891522349128,215.69858503416017
54.16,1223434,121872,3209,-37.70000076293945,-40.400001525878906,2.6000001430511475,-31.949880599975586,-44.194881439208984,-0.8342952132225037,0,28.80244888875027,-50.48324507866661,242.82155097690054
56.16,1225433,122072,3345,-29.5,34.5,12.5,-30.81206512451172,33.954559326171875,12.077160835266113,0,45.12881623540872,-52.08456041015149,236.1307282314678
58.16,1227433,122271,3456,1.2000000476837158,-23.80000114440918,-54.79999923706055,1.5712064504623413,-21.469167709350586,-55.733577728271484,0,142.86954281567873,-15.099509422305228,110.88478211755637
60.16,1229433,122471,3588,20.399999618530273,35.70000076293945,-4.800000190734863,14.644089698791504,32.58026123046875,4.918643951416016,0,-118.07926405311045,7.0730368409374735,182.76282045456784
62.16,1231433,122671,3736,32.20000076293945,-21.5,-29.200000762939453,32.94224548339844,-16.614070892333984,-30.548192977905273,0,134.70850460767983,-40.39282672680133,152.03672451523573
64.16,1233433,122871,3874,34.79999923706055,-8.300000190734863,2.0,34.81901168823242,-1.9135788679122925,1.7483024597167969,0,-37.50364224703746,-3.320113997918332,317.6039704997338
66.16,1235443,123072,4031,0.10000000149011612,9.800000190734863,31.5,-2.6875016689300537,3.5963618755340576,32.58920669555664,0,-157.45056744682,-12.97681106964028,154.0671463229863
68.17,1237444,123271,4174,33.400001525878906,15.90000057220459,-34.70000076293945,33.4501953125,15.54676342010498,-34.722591400146484,0,-20.991161415219413,48.9103030859325,325.1612251149221
70.17,1239443,123471,4316,6.0,40.20000076293945,-32.79999923706055,6.817664623260498,39.457069396972656,-33.72596740722656,0,12.138950114977156,35.312271655637446,321.55753536446696
72.16,1241434,123670,4462,19.899999618530273,-10.199999809265137,-49.900001525878906,18.26494598388672,-7.726246356964111,-51.116878509521484,0,-103.35726909349961,71.15122708461321,196.4792996513119
74.16,1243444,123870,4607,19.399999618530273,-22.100000381469727,-46.400001525878906,23.040973663330078,-24.236452102661133,-39.60791015625,0,60.98519672624302,-9.035721019883892,292.9603693978056
76.18,1245455,124069,4747,21.700000762939453,34.900001525878906,-19.0,20.565940856933594,35.52139663696289,-21.205978393554688,0,11.591592451859162,-63.180141879764896,328.16371339990485
78.18,1247454,124266,4875,29.80000114440918,-29.0,-22.399999618530273,27.37778091430664,-31.739654541015625,-14.682880401611328,0,72.60760504285692,-41.030467816432456,303.73069753416706
80.17,1249445,124465,5014,10.300000190734863,29.899999618530273,15.699999809265137,9.444881439208984,33.977081298828125,10.980609893798828,0,72.60760504285692,-41.030467816432456,303.73069753416706
82.17,1251444,124665,5165,10.0,38.0,-33.5,12.05756950378418,36.936580657958984,-33.6442985534668,0,72.60760504285692,-41.030467816432456,303.73069753416706
84.17,1253444,124865,5331,37.400001525878906,-13.100000381469727,-21.600000381469727,35.461036682128906,-15.343539237976074,-25.81454849243164,0,72.60760504285692,-41.030467816432456,303.73069753416706
86.17,1255445,125065,5483,17.700000762939453,-36.10000228881836,-34.400001525878906,19.774749755859375,-36.59133529663086,-24.14231300354004,0,72.60760504285692,-41.030467816432456,303.73069753416706
88.17,1257445,125265,5641,3.299999952316284,44.5,-24.5,5.75295877456665,43.46001052856445,-25.048051834106445,0,72.60760504285692,-41.030467816432456,303.73069753416706
90.17,1259446,125465,5798,14.600000381469727,-23.399999618530273,-50.70000076293945,11.723443031311035,-21.626232147216797,-52.349769592285156,0,72.60760504285692,-41.030467816432456,303.73069753416706
92.17,1261445,125665,5938,12.40000057220459,24.80000114440918,17.5,9.853323936462402,21.991809844970703,20.91929817199707,0,72.60760504285692,-41.030467816432456,303.73069753416706
94.17,1263445,125865,6059,28.80000114440918,7.800000190734863,-40.900001525878906,26.466358184814453,7.766332149505615,-43.304744720458984,0,72.60760504285692,-41.030467816432456,303.73069753416706
96.17,1265446,126065,6155,-5.300000190734863,46.0,-27.30000114440918,-5.508002758026123,45.27396011352539,-29.1400146484375,0,72.60760504285692,-41.030467816432456,303.73069753416706
98.17,1267455,126265,6262,17.0,34.5,-31.700000762939453,17.851598739624023,33.56459426879883,-32.04326629638672,0,72.60760504285692,-41.030467816432456,303.73069753416706
100.18,1269455,126466,6373,24.899999618530273,-31.399999618530273,-31.200000762939453,22.648822784423828,-33.9417839050293,-30.948381423950195,0,72.60760504285692,-41.030467816432456,303.73069753416706
102.18,1271476,126667,6501,-35.900001525878906,38.10000228881836,2.0,-32.01979064941406,39.679927825927734,2.601842164993286,0,72.60760504285692,-41.030467816432456,303.73069753416706
104.20,1273475,126868,6599,38.400001525878906,-4.599999904632568,-22.80000114440918,38.341556549072266,-0.34834152460098267,-22.90566062927246,0,72.60760504285692,-41.030467816432456,303.73069753416706
106.20,1275486,127069,6739,21.899999618530273,36.0,-0.10000000149011612,20.765911102294922,34.8270149230957,4.023551940917969,0,72.60760504285692,-41.030467816432456,303.73069753416706
108.22,1277495,127270,6897,-11.100000381469727,45.400001525878906,-28.600000381469727,-7.288262844085693,44.554744720458984,-30.229320526123047,0,72.60760504285692,-41.030467816432456,303.73069753416706
110.22,1279495,127470,7052,11.300000190734863,25.899999618530273,20.0,7.135549068450928,28.024765014648438,20.09394645690918,0,72.60760504285692,-41.030467816432456,303.73069753416706
112.22,1281497,127670,7197,13.699999809265137,-5.099999904632568,-54.900001525878906,18.219585418701172,-9.533010482788086,-49.8852424621582,0,72.60760504285692,-41.030467816432456,303.73069753416706
114.22,1283505,127869,7329,35.20000076293945,13.90000057220459,-29.80000114440918,34.02939224243164,10.821056365966797,-33.97449493408203,0,72.60760504285692,-41.030467816432456,303.73069753416706
116.25,1285527,128073,7471,-4.400000095367432,47.70000076293945,-13.800000190734863,-1.4865261316299438,47.024269104003906,-12.344442367553711,0,72.60760504285692,-41.030467816432456,303.73069753416706
118.25,1287536,128274,7605,-7.0,45.20000076293945,-0.4000000059604645,-7.828311443328857,45.941505432128906,-3.861475944519043,0,72.60760504285692,-41.030467816432456,303.73069753416706
120.26,1289536,128474,7682,16.700000762939453,36.400001525878906,-26.700000762939453,17.6655330657959,36.23215866088867,-24.940820693969727,0,72.60760504285692,-41.030467816432456,303.73069753416706
