t,tick,raw0,raw1,raw2,cal0,cal1,cal2,q,ax,ay,az,gx,gy,gz,roll,pitch,yaw
0,0,27.840601761428886,25.680595041468337,-3.7896879927072717,0,0,0,0,0.8265796043225577,-9.213432904549535,3.3090498961913126,0,0,0,0,0,0
1,1,10.898858747024827,1.5882643417468962,-57.133605113444005,0,0,0,0,-8.164440479419103,4.649150797635171,-2.851189702361844,0,0,0,0,0,0
2,2,27.61188730438304,-10.928422895432467,14.525680567032566,0,0,0,0,6.444491759222804,-0.36343749831661937,7.442730259628554,0,0,0,0,0,0
3,3,16.86104601663739,37.01064886716178,-22.08567487535003,0,0,0,0,5.2421056952753755,0.6893603770752521,-8.317458371793808,0,0,0,0,0,0
4,4,-37.54046008954926,37.87077028544604,-10.288022478232826,0,0,0,0,5.049001285408961,8.39761819927403,-0.5165188655458771,0,0,0,0,0,0
5,5,0.3876215331663282,38.31304250043209,-38.252369984265144,0,0,0,0,-3.238726107516184,-9.016632952816005,-2.241106042478611,0,0,0,0,0,0
6,6,-5.889234227387881,14.302948412650588,-59.18970164528649,0,0,0,0,-2.4143905716364573,0.08826381600782478,-9.433297914095723,0,0,0,0,0,0
7,7,-35.4265689694567,-42.98093448404526,-7.730143192906178,0,0,0,0,1.1510262527600439,-4.181570134386809,8.768489065144031,0,0,0,0,0,0
8,8,32.29549462213537,-16.018223969955212,3.794294956040524,0,0,0,0,-2.887082037849161,-4.811771697752529,8.006545775816328,0,0,0,0,0,0
9,9,-12.072363768248714,28.634713665357392,-51.261141430695886,0,0,0,0,0.8693878566650061,-0.40670024943313376,-9.724161961471026,0,0,0,0,0,0
10,10,12.616351019657133,-43.57301072048359,-22.809362722968537,0,0,0,0,-9.015473226820205,-1.4469210657047273,3.763415113637145,0,0,0,0,0,0
11,11,4.520061229055072,10.472952215966652,-58.14770168345588,0,0,0,0,-1.6721020005019795,-7.084992765720157,-6.711479907814538,0,0,0,0,0,0
12,12,-0.4512933535723942,21.049152114821904,-55.20138233086584,0,0,0,0,-0.6900196387960085,-1.2121957983599043,-9.700462601185299,0,0,0,0,0,0
13,13,12.582846344258334,39.42421821083522,-23.29690939321734,0,0,0,0,5.7054541073040905,-6.983485005063575,-3.7633141172653137,0,0,0,0,0,0
14,14,-15.640803557563304,32.45990459725762,-47.401928452108535,0,0,0,0,-6.084830115393716,7.627259888024961,-0.6251109941170603,0,0,0,0,0,0
15,15,11.317985051227781,34.79250613678916,8.615246929026096,0,0,0,0,-4.332750996840143,-6.274996164423255,-6.15512828699324,0,0,0,0,0,0
16,16,25.491816333433718,19.30481118560994,-38.19113666356567,0,0,0,0,1.2437597018765856,-2.7424480427830003,-9.394542260622977,0,0,0,0,0,0
17,17,-52.03753548855711,-25.49662207222315,-21.62087815537205,0,0,0,0,-2.6196696079894064,8.418283170343393,-4.399855825685721,0,0,0,0,0,0
18,18,-12.179524148453567,18.244772966522245,-57.7735510229374,0,0,0,0,-2.7563426630572208,6.756890241014194,-6.643619298015343,0,0,0,0,0,0
19,19,-44.114132350820725,-29.16073658026964,7.7693793954642025,0,0,0,0,9.605646461669673,1.9711665570732382,-0.37878047383528934,0,0,0,0,0,0
20,20,3.523027775620603,6.306446033155838,-59.43690238976281,0,0,0,0,-2.449459014348827,-9.118207756678805,-2.453373877497614,0,0,0,0,0,0
21,21,-21.991393154758974,34.32089665827634,15.81994806441455,0,0,0,0,3.537338740595061,-6.512652250983972,-6.540597884401148,0,0,0,0,0,0
22,22,-40.45805839904135,4.123401050273349,-51.33795758480791,0,0,0,0,-2.246318235818057,4.2052082517241285,-8.541437631238118,0,0,0,0,0,0
23,23,-3.7887325398424085,27.421637239547536,-51.67190844006612,0,0,0,0,0.6440266629215353,-0.5207530584268818,-9.696723817276508,0,0,0,0,0,0
24,24,33.066049552455674,6.833544400646199,-32.99009355385602,0,0,0,0,-4.646437824492909,-2.344455381619272,-8.413026950294972,0,0,0,0,0,0
25,25,-57.846640881160326,0.09443384835066215,-23.34083663529116,0,0,0,0,-2.622590855202098,4.686941063317629,-8.270653039246916,0,0,0,0,0,0
26,26,-27.805517120245632,-22.820517008097355,26.155374685751855,0,0,0,0,8.520838868471655,1.3158450826323904,-4.694634033645131,0,0,0,0,0,0
27,27,-28.78332089369286,-19.966870286374817,-54.9086702488556,0,0,0,0,-3.0299423215673995,-1.5161750558076992,9.24361956917424,0,0,0,0,0,0
28,28,-5.3492588187672,11.526903954282012,32.2201242674372,0,0,0,0,3.1134015618942392,0.9380481918266954,-9.307051684967696,0,0,0,0,0,0
29,29,-14.107671499883073,18.10042559136819,-57.72247894800438,0,0,0,0,-1.4910344102129076,0.752055740285563,-9.550184565526328,0,0,0,0,0,0
30,30,-43.12204392263048,-14.15157029784295,19.629701268631795,0,0,0,0,-1.922194191161328,8.35852901227659,4.864390243837108,0,0,0,0,0,0
31,31,-19.327506104283792,38.965227622746376,10.151086795317202,0,0,0,0,4.6118635927275236,-6.9932540939039844,-5.343544537260801,0,0,0,0,0,0
32,32,-35.605668972167955,17.439972879353466,-50.339634933647545,0,0,0,0,-0.40840919357894706,2.655439006868745,-9.445547133380064,0,0,0,0,0,0
33,33,-20.184009074215222,9.416622755805113,-59.87316846337238,0,0,0,0,-3.192076004526038,1.5506059200365196,-9.185725389409711,0,0,0,0,0,0
34,34,0.48141072740311586,43.52720252853267,-25.85185500054225,0,0,0,0,-0.04310749843017436,-9.093975777177265,-3.614222813405319,0,0,0,0,0,0
35,35,-31.745042831102275,39.88434208534138,-25.2484513972475,0,0,0,0,3.768884270469807,-2.694483199650151,-8.600755508323596,0,0,0,0,0,0
36,36,-6.342948951934593,23.71107693541824,-54.63302061305794,0,0,0,0,-0.3819593362610561,0.6089091160100828,-9.746044775793747,0,0,0,0,0,0
37,37,-20.189469793613384,29.535226331885593,-49.2252713928107,0,0,0,0,1.439427637694621,4.221449645321147,-8.818216485353924,0,0,0,0,0,0
38,38,37.45554607186009,-8.125043706020426,-11.911881901459232,0,0,0,0,3.1037917685429113,-4.373668623015883,8.29449894291259,0,0,0,0,0,0
39,39,-25.77178953228913,33.64338572847936,-42.74166293810767,0,0,0,0,-1.8529100486568924,9.439193659096805,-1.794149959645392,0,0,0,0,0,0
40,40,-15.304857729911852,42.52935285540732,4.2307889530421114,0,0,0,0,6.648357752063936,-5.967758155633287,-3.936075728256012,0,0,0,0,0,0
41,41,6.758571868759541,-39.172622693855715,-39.6316230200363,0,0,0,0,-3.3435954998295405,5.5054231255411965,7.3486973278821806,0,0,0,0,0,0
42,42,-13.910275766761016,33.57076058519326,-46.44844416078291,0,0,0,0,2.284373329249056,-0.07225393523988355,-9.612366916722987,0,0,0,0,0,0
43,43,-6.440949270528506,29.039970144425546,-50.739657959908484,0,0,0,0,0.8509908701990185,-3.6420466659013826,-8.983037172520131,0,0,0,0,0,0
44,44,-15.930900456878543,44.22574162374756,-26.894026071953604,0,0,0,0,6.162602932913036,2.685226554690237,-7.100584133648809,0,0,0,0,0,0
45,45,-38.245652018084186,-37.88074938465939,2.8601199616651805,0,0,0,0,6.395088626523316,-2.9727464428813373,6.657575447048436,0,0,0,0,0,0
46,46,-8.650388988582725,45.420529133410646,-23.027910984785724,0,0,0,0,5.330683807893635,4.765507132390193,-6.821438303230579,0,0,0,0,0,0
47,47,-21.622961999437834,32.62149325560264,-45.73586139912038,0,0,0,0,2.5757211351456277,2.1617165510453753,-9.326649141079576,0,0,0,0,0,0
48,48,-32.51692846001337,-39.96617303769735,6.406981092990581,0,0,0,0,-4.1373728192650745,7.427037409974875,4.898871084203248,0,0,0,0,0,0
49,49,16.088635588573297,10.908179987595151,-52.188484482564874,0,0,0,0,-3.8590460043057484,-0.17116870052097669,-9.098645290093259,0,0,0,0,0,0
50,50,-18.910145395340724,3.8076539710467823,-61.16130412824424,0,0,0,0,-6.243251636787949,1.657593710812282,7.518603990280853,0,0,0,0,0,0
51,51,-46.98897522958414,14.582759476317571,-40.8985285031074,0,0,0,0,-2.598156018266478,0.9886449660641325,-9.430884924080594,0,0,0,0,0,0
52,52,-13.370156253955882,24.84133243121275,-54.003897130035824,0,0,0,0,0.044101363749723205,0.01638819559053238,-9.837888592371563,0,0,0,0,0,0
53,53,-14.372732296773462,32.76810505011204,-47.254573254745495,0,0,0,0,1.9705155275308692,-0.47610135594127173,-9.629114468923596,0,0,0,0,0,0
54,54,-14.402670246167947,-15.406221239866316,-60.20914480934884,0,0,0,0,-7.609708209459324,-2.876916041943969,-5.5333815467730885,0,0,0,0,0,0
55,55,-50.799930322671756,19.91334684828736,1.2552975329928397,0,0,0,0,-2.8826166939203106,2.8733325160083005,-8.964972899803055,0,0,0,0,0,0
56,56,18.288196667735107,-25.605075757244823,-44.81601765773192,0,0,0,0,-6.505177713175032,-5.917339216027279,-4.468478409948515,0,0,0,0,0,0
57,57,-10.393089268532766,-44.04426534406926,-37.84314840002304,0,0,0,0,3.611440710465609,-3.7746185937625767,8.29395692852884,0,0,0,0,0,0
58,58,-14.452039245740497,-50.104369036870594,-10.593615650718284,0,0,0,0,3.8155116571104535,7.762678491863388,4.526385269732996,0,0,0,0,0,0
59,59,29.682409828864294,-11.268928238718981,-39.216643197680774,0,0,0,0,-7.16666920856192,-3.390855287160091,-5.779207980814802,0,0,0,0,0,0
60,60,13.85152117591903,-26.637537745216658,-47.687695211589855,0,0,0,0,-1.9112877017078846,-9.507888133776659,-1.2864460202595887,0,0,0,0,0,0
61,61,-34.91306879895775,1.1120208361929196,-55.51125109602292,0,0,0,0,-0.624264449389574,9.575278515817661,-2.1828533493820337,0,0,0,0,0,0
62,62,20.642038848314698,8.048130313062508,-49.525619159210024,0,0,0,0,1.4471565750596702,-9.599493802083028,-1.4158552192373433,0,0,0,0,0,0
63,63,5.0953429734169156,38.697141644382505,-34.81502407552561,0,0,0,0,-5.737819832250988,5.5668468969844636,-5.765125968384997,0,0,0,0,0,0
64,64,-10.234184560282518,46.32182268312419,-13.696378142251227,0,0,0,0,3.673958280720789,7.219777890564377,-5.459123614720938,0,0,0,0,0,0
65,65,-14.037425695650468,42.41568197522679,-32.61440663755504,0,0,0,0,3.2933956196905436,-4.986393278443013,-7.733287139611989,0,0,0,0,0,0
66,66,-28.857762890565922,-1.4149396139177013,-58.62590183147152,0,0,0,0,-5.686580003091133,0.2981340011611323,-8.06538663673187,0,0,0,0,0,0
67,67,-40.13934349714922,10.536358761132908,-49.96297052858013,0,0,0,0,-0.7617499786330606,4.201521076272655,-8.735090339980578,0,0,0,0,0,0
68,68,30.51523088774337,21.04643128865742,-25.1211180556731,0,0,0,0,6.227845047865464,-4.990948305268491,-5.5874060537614945,0,0,0,0,0,0
69,69,-19.60981648599904,16.504003199006355,29.804465340679652,0,0,0,0,6.065737771792828,6.818661608325167,3.4263597819523897,0,0,0,0,0,0
70,70,-28.477441853677384,-21.206016233860378,-54.48107885286207,0,0,0,0,-7.730941765723472,2.886679734184685,-5.331296118984594,0,0,0,0,0,0
71,71,-12.052625035779336,22.643994597284635,-55.463450983152924,0,0,0,0,-0.49934310860411013,0.25384820912705786,-9.750042653763808,0,0,0,0,0,0
72,72,-14.212204217739393,23.535377324802592,-54.780617683529115,0,0,0,0,-0.23978827107685774,1.3213165179374438,-9.689345782394845,0,0,0,0,0,0
73,73,-58.73854323159132,-3.5329242197417843,-11.483283475616975,0,0,0,0,-7.519934799502569,5.797017186100346,2.3031859613023213,0,0,0,0,0,0
74,74,-0.19925026044327687,21.5437134235112,-54.858647538271185,0,0,0,0,-7.637067621075224,6.138254726769668,-0.7093368713673369,0,0,0,0,0,0
75,75,-13.520058042052835,40.325048174559484,-37.03459816020279,0,0,0,0,4.524695846093824,0.2009521325438968,-8.654930399201017,0,0,0,0,0,0
76,76,-13.393733237498763,32.35033850533678,-47.783944385241014,0,0,0,0,0.8656996683203481,-3.931942432219271,-9.017589165690756,0,0,0,0,0,0
77,77,-14.188048799950662,22.672834220290916,-55.309832060118424,0,0,0,0,-0.5161637797162474,0.54292636974137,-9.710426303179485,0,0,0,0,0,0
78,78,-48.025168735918314,-16.04483419742296,-40.95059399561054,0,0,0,0,3.346002685832189,7.438528632559425,5.399815700037593,0,0,0,0,0,0
79,79,-13.610411867749917,-28.22583636220373,26.610562318229743,0,0,0,0,1.023547279822434,-3.834622021749115,8.92033567608811,0,0,0,0,0,0
